Product Title,Product Price
NA,NA
NA,NA
NA,NA
NA,NA
NA,NA
NA,NA
NA,NA
NA,NA
NA,NA
NA,NA
NA,NA
NA,NA
NA,NA
GOVO GOCRUSH 421 5W Bluetooth Speaker 1800mAh Battery with 10 Hrs Playtime IPX7 ABS Fabric and TWS Feature (Platinum Black),₹1210.00
NA,NA
NA,NA
NA,NA
NA,NA
NA,NA
NA,NA
NA,NA
NA,NA
NA,NA
NA,NA
NA,NA
NA,NA
NA,NA
NA,NA
NA,NA
NA,NA
NA,NA
GOVO GOSURROUND 900 | 200W Soundbar 2.1 Channel Home Theatre 6.5” Wired Subwoofer HDMI AUX USB & Bluetooth 4 Equalizer Modes Stylish Remote & LED Display RMS 160W (Platinum Black),₹6599.00
NA,NA
NA,NA
NA,NA
NA,NA
NA,NA
NA,NA
NA,NA
NA,NA
NA,NA
NA,NA
NA,NA
NA,NA
NA,NA
NA,NA
NA,NA
NA,NA
NA,NA
NA,NA
NA,NA
NA,NA
NA,NA
NA,NA
