"Website","Title","Price","Availability","Rating","Review Count","bestSellerRanking","bestSellerRanking1"
"Flipkart","GOVO GOBASS 400 in-Ear Earphones with 10mm Drivers, Tangle Free cable & 3.5mm Jack Wired Headset  (Platinum Black, In the Ear)","₹299","","44.545555555552","",,
"Flipkart","GOVO GOBASS 410 in Ear Earphones with Mic, 3D Bass with XL Drivers & 3.5mm Jack Wired Headset  (Platinum Black, In the Ear)","₹449","","3.64.75555335415","",,
"Flipkart","","","","","",,
"Flipkart","GOVO GOBASS 411 in Ear Wired Earphones with HD Mic, 10mm Dynamic Driver & 3.5mm Jack Wired Headset  (Blue, In the Ear)","","","","",,
"Flipkart","GOVO GOBASS 411 in Ear Wired Earphones with HD Mic, 10mm Dynamic Driver & 3.5mm Jack Wired Headset  (White, In the Ear)","","","","",,
"Flipkart","GOVO GOBASS 610 in-Ear Earphones with 12mm Drivers, Tangle Free cable & 3.5mm Jack Wired Headset  (Platinum Black, In the Ear)","₹349","","44.543.65555355551","",,
"Flipkart","GOVO GOBASS 900 in-Ear Earphones with 10mm Drivers, Tangle Free cable & 3.5mm Jack Wired Headset  (Platinum Black, In the Ear)","₹549","","3.34.75551551521","",,
"Flipkart","GOVO GOBASS 910 Wired Metal Earphones with 9mm Drivers,Tangle Free cable & 3.5mm Jack Wired Headset  (Gun Metal Gray, In the Ear)","₹299","","3.84.53.85555555151","",,
"Flipkart","GOVO GOBOLD 400 Bluetooth Wireless On Ear Headphones with 40mm Drivers &15H Playtime Bluetooth Headset  (Platinum Black, On the Ear)","","","","",,
"Flipkart","GOVO GOBOLD 410 Bluetooth Wireless On Ear Headphones with 40mm Drivers &15H Playtime Bluetooth Headset  (Platinum Black, On the Ear)","","","","",,
"Flipkart","GOVO GOBOLD 600 Bluetooth Wireless On Ear Headphones with 40mm Drivers &15H Playtime Bluetooth Headset  (Platinum Black, On the Ear)","","","","",,
"Flipkart","GOVO GOBOLD 610 Bluetooth Wireless On Ear Headphones with 40mm Drivers &15H Playtime Bluetooth Headset  (Platinum Black, On the Ear)","","","","",,
"Flipkart","GOVO GOBUDS 400 True Wireless in Ear Earbuds, ENC, 25H Playtime, Fast Charge,Type C Bluetooth Headset  (Platinum Black, True Wireless)","₹1,199","","3.64.53.64.55555555523","",,
"Flipkart","GOVO GOBUDS 410 True Wireless in Ear Earbuds, 20 Hours Battery,IPX5 & Type C Bluetooth Headset  (Platinum Black, True Wireless)","₹1,599","","3.74.73.74.55555455153","",,
"Flipkart","GOVO GOBUDS 600 True Wireless Earbuds,ENC,40H Playtime,Fast Charge,IPX5 & Type C Bluetooth Headset  (Platinum Black, True Wireless)","₹1,499","","3.94.53.935554535555","",,
"Flipkart","GOVO GOBUDS 621 True Wireless in Ear Earbuds, 20 Hours Battery, Fast Charge & Type C Bluetooth Headset  (Platinum Black, True Wireless)","₹1,999","","3.64.73.64.55555555555","",,
"Flipkart","GOVO GOBUDS 901 Bluetooth Headset  (Platinum Black, True Wireless)","","","","",,
"Flipkart","GOVO GOBUDS 920 True Wireless Earbuds, 30H Battery, Fast Charge ,IPX5 & Dual pairing Bluetooth Headset  (Platinum Black, True Wireless)","₹2,699","","44.74555555555","",,
"Flipkart","GOVO GOCRUSH 410 - Bluetooth Speaker, 1800mAh - 15H Battery, IPX7 & ABS Fabric 4 W Bluetooth Speaker  (Platinum Black, Stereo Channel)","₹1,299","","4.24.74555555555","",,
"Flipkart","GOVO GOCRUSH 421 - Bluetooth Speaker, 1800mAh - 15H Battery, IPX7 & ABS Fabric 5 W Bluetooth Speaker  (Platinum Black, Stereo Channel)","₹1,210","","3.74.73.73.83.65555255555","",,
"Flipkart","GOVO GOCRUSH 900 - Bluetooth Speaker, 3600mAh - 25H Battery, IPX7, ABS Fabric 16 W Bluetooth Speaker  (Platinum Black, Stereo Channel)","₹2,999","","4.14.74.13.83.65555555554","",,
"Flipkart","GOVO GOKIXX 400 Bluetooth Neckband, 9H Battery, 10mm Drivers, Magnetic buds, Type C Bluetooth Headset  (Platinum Black, In the Ear)","₹1,204","","3.54.75555555554","",,
"Flipkart","GOVO GOKIXX 410 Bluetooth Neckband, 8H battery, 10mm Drivers, IPX5, Magnetic Buds Bluetooth Headset  (Platinum Black, In the Ear)","₹1,290","","3.94.73.95555555515","",,
"Flipkart","GOVO GOKIXX 421 Bluetooth Neckband, 10H Battery, 10mm Drivers, Magnetic Buds Bluetooth Headset  (Platinum Black, In the Ear)","₹1,299","","3.94.75555445525","",,
"Flipkart","GOVO GOKIXX 610 Bluetooth Neckband, 12H Battery, Magnetic Buds,
 Lightweight Design Bluetooth Headset  (Platinum Black, In the Ear)","₹1,499","","3.64.73.63.65555552311","",,
"Flipkart","GOVO GOKIXX 620 Bluetooth Neckband, 20H Battery, 10mm Drivers, Magnetic Buds Bluetooth Headset  (Platinum Black, In the Ear)","₹1,543","","3.94.75555555555","",,
"Flipkart","GOVO GOKIXX 621 Bluetooth Neckband|22H Battery-Fast Charge,ENC & Smart Magnetic Buds Bluetooth Headset  (Platinum Black, In the Ear)","₹1,199","","4.44.75551415255","",,
"Flipkart","GOVO GOKIXX 630 Bluetooth Neckband,10H Battery-Fast Charge,Dual Pairing,Magnetic Buds Bluetooth Headset  (Platinum Black, In the Ear)","₹1,499","","3.84.75555555551","",,
"Flipkart","GOVO GOKIXX 651 Bluetooth Neckband, 12H Battery-Fast Charge, Metal Magnetic Buds Bluetooth Headset  (Graphite Gray, In the Ear)","₹1,599","","3.94.73.95554555555","",,
"Flipkart","GOVO GOKIXX 900 Bluetooth Neckband,12H Battery,12mm Drivers, Premium Gun Metal Finish Bluetooth Headset  (Platinum Black, In the Ear)","₹1,598","","3.74.75555554152","",,
"Flipkart","GOVO GOKIXX 952 Bluetooth Neckband, 106H Battery-Fast Charge, ENC, 10mm Drivers Bluetooth Headset  (Gun Metal Grey, In the Ear)","₹1,390","","4.54.64.54.23.85555555555","",,
"Flipkart","GOVO GOSURROUND 410 Max 2.0 Channel Soundbar with HDMI|AUX|USB|OPT & LED Display 40 W Bluetooth Soundbar  (Platinum Black, 2.1 Channel)","₹3,499","","4.34.74.33.74555545554","",,
"Flipkart","GOVO GOSURROUND 430 | 80 W Bluetooth Soundbar  (Platinum Black, 2.1 Channel)","₹3,999","","4.34.74.34.54555545554","",,
"Flipkart","GOVO GOSURROUND 610 | 100 W Bluetooth Soundbar  (Platinum Black, 2.1 Channel)","₹4,999","","4.34.74.33.74555545554","",,
"Flipkart","GOVO GOSURROUND 620 Max 2.1 Channel Soundbar, 5.25"" Subwoofer & LED Display 100 W Bluetooth Soundbar  (Platinum Black, 2.1 Channel)","₹16,999","","4.7","",,
"Flipkart","GOVO GOSURROUND 900 | 200 W Bluetooth Soundbar  (Platinum Black, 2.1 Channel)","₹6,599","","4.34.74.33.74555545554","",,
"Flipkart","GOVO GOSURROUND 920 200 W Bluetooth Soundbar  (Platinum Black, 2.1 Channel)","₹7,599","","4.44.74.43.75555555555","",,
"Govolife","","",,,,,
"Govolife","","",,,,,
"Govolife","","",,,,,
"Govolife","","",,,,,
"Govolife","","",,,,,
"Govolife","","",,,,,
"Govolife","","",,,,,
"Govolife","","",,,,,
"Govolife","","",,,,,
"Govolife","","",,,,,
"Govolife","","",,,,,
"Govolife","","",,,,,
"Govolife","","",,,,,
"Govolife","","",,,,,
"Govolife","","",,,,,
"Govolife","","",,,,,
"Govolife","","",,,,,
"Govolife","","",,,,,
"Govolife","","",,,,,
"Govolife","","",,,,,
"Govolife","","",,,,,
"Govolife","","",,,,,
"Govolife","","",,,,,
"Govolife","","",,,,,
"Govolife","","",,,,,
"Govolife","","",,,,,
"Govolife","","",,,,,
"Govolife","","",,,,,
"Govolife","","",,,,,
"Govolife","","",,,,,
"Govolife","","",,,,,
"Govolife","","",,,,,