Title,Price
"undefined","undefined"
"undefined","undefined"
"undefined","undefined"
"undefined","undefined"
"undefined","undefined"
"undefined","undefined"
"undefined","undefined"
"undefined","undefined"
"undefined","undefined"
"undefined","undefined"
"undefined","undefined"
"undefined","undefined"
"undefined","undefined"
"undefined","undefined"
"undefined","undefined"
"undefined","undefined"
"undefined","undefined"
"undefined","undefined"
"undefined","undefined"
"undefined","undefined"
"undefined","undefined"
"undefined","undefined"
"undefined","undefined"
"undefined","undefined"
"undefined","undefined"
"undefined","undefined"
"undefined","undefined"
"undefined","undefined"
"undefined","undefined"
"undefined","undefined"
"undefined","undefined"
"undefined","undefined"
"undefined","undefined"
"undefined","undefined"
"undefined","undefined"
"undefined","undefined"
"undefined","undefined"
"undefined","undefined"
"undefined","undefined"
"undefined","undefined"
"undefined","undefined"
"undefined","undefined"
"undefined","undefined"
"undefined","undefined"
"undefined","undefined"
"undefined","undefined"
"undefined","undefined"
"undefined","undefined"
"undefined","undefined"
"undefined","undefined"
"undefined","undefined"
"undefined","undefined"
"undefined","undefined"
"undefined","undefined"
"undefined","undefined"
"undefined","undefined"
"undefined","undefined"
"undefined","undefined"
"undefined","undefined"
"undefined","undefined"
"undefined","undefined"
"undefined","undefined"
"undefined","undefined"
"undefined","undefined"
"undefined","undefined"
"undefined","undefined"
"undefined","undefined"
"undefined","undefined"
"undefined","undefined"
"undefined","undefined"
"undefined","undefined"
"undefined","undefined"
"undefined","undefined"
"undefined","undefined"
"undefined","undefined"
"undefined","undefined"
"undefined","undefined"
"undefined","undefined"
"undefined","undefined"
"undefined","undefined"
"undefined","undefined"
"undefined","undefined"
"undefined","undefined"
"undefined","undefined"
"undefined","undefined"
"undefined","undefined"
"undefined","undefined"
"undefined","undefined"
"undefined","undefined"
"undefined","undefined"
"undefined","undefined"
"undefined","undefined"
"undefined","undefined"
"undefined","undefined"
"undefined","undefined"
"undefined","undefined"
"undefined","undefined"
"undefined","undefined"
"undefined","undefined"
"undefined","undefined"
"undefined","undefined"
"undefined","undefined"
"undefined","undefined"
"undefined","undefined"
"undefined","undefined"
"undefined","undefined"
"undefined","undefined"
"undefined","undefined"
"undefined","undefined"
"undefined","undefined"
"undefined","undefined"
"undefined","undefined"
"undefined","undefined"
"undefined","undefined"
"undefined","undefined"
"undefined","undefined"
"undefined","undefined"
"undefined","undefined"
"undefined","undefined"
"undefined","undefined"
"undefined","undefined"
"undefined","undefined"
"undefined","undefined"
"undefined","undefined"
"undefined","undefined"
"undefined","undefined"
"undefined","undefined"
"undefined","undefined"
"undefined","undefined"
"undefined","undefined"
"undefined","undefined"
"undefined","undefined"
"undefined","undefined"
"undefined","undefined"
"undefined","undefined"
"undefined","undefined"
"undefined","undefined"
"undefined","undefined"
"undefined","undefined"
"undefined","undefined"
"undefined","undefined"
"undefined","undefined"
"undefined","undefined"
"undefined","undefined"
"undefined","undefined"
"undefined","undefined"
"undefined","undefined"